FirstName,LastName,Birthday
John,Doe,January 15
Jane,Doe,May 22
Michael,Doe,November 10
Emily,Doe,September 30
Daniel,Doe,March 17
Olivia,Doe,July 12
Matthew,Doe,December 05
Sophia,Doe,June 20
Andrew,Doe,April 25
Emma,Doe,October 08
William,Doe,February 28
Ava,Doe,August 14
James,Doe,November 01
Isabella,Doe,May 18
Benjamin,Doe,September 07
Mia,Doe,March 23
Alexander,Doe,July 29
Charlotte,Doe,December 10
Joseph,Doe,June 03
Harper,Doe,January 25
Ethan,Doe,April 02
Abigail,Doe,October 16
David,Doe,August 09
Sophie,Doe,February 11
Samuel,Doe,June 26
Victoria,Doe,March 06
Christopher,Doe,December 21
Elizabeth,Doe,September 04
Andrew,Doe,May 28
Grace,Doe,November 12
Joshua,Doe,July 18
Chloe,Doe,January 31
Daniel,Doe,April 13
Ella,Doe,October 27
Michael,Doe,August 19
Avery,Doe,March 02
Elijah,Doe,June 07
Lily,Doe,December 20
Ryan,Doe,September 01
Natalie,Doe,May 05
Jacob,Doe,November 17
Hannah,Doe,July 01
Matthew,Doe,February 14
Grace,Doe,April 26
Sophia,Doe,September 09
Jackson,Doe,July 14
Olivia,Doe,December 28
Daniel,Doe,May 11
